{
    "rmse": 16402552.959888259,
    "mae": 3426.777653860024,
    "mape": 0.08847032021659505,
    "dtw": 14029.634190479062
}