{
    "recursive": {
        "rmse": 4072312.5394433215,
        "mae": 1368.7080918819884,
        "mape": 0.035658116241100025,
        "dtw": 6807.322028372819
    }
}