{
    "rmse": 0.0004806611909246539,
    "mae": 0.016667050611431478,
    "mape": 4.497118328973668e-07
}