{
    "recursive": {
        "rmse": 3769230.795650289,
        "mae": 1383.1159760959883,
        "mape": 0.03660380571156134,
        "dtw": 6668.7759198061285
    }
}