{
    "recursive": {
        "rmse": 4035292.160099929,
        "mae": 1391.6466968821799,
        "mape": 0.03660500658318853,
        "dtw": 6953.331364463752
    }
}