{
    "rmse": 11792674.729725547,
    "mae": 2956.489712570196,
    "mape": 0.07647664296500752
}