{
    "rmse": 14.206624932270584,
    "mae": 2.932899990983666,
    "mape": 7.902125526258922e-05
}