{
    "rmse": 0.0014743036046006,
    "mae": 0.02541042268300468,
    "mape": 6.518771903531748e-07
}