{
    "rmse": 0.0013519489273859256,
    "mae": 0.029619909394265658,
    "mape": 7.867647875800774e-07
}