{
    "rmse": 0.012837565898374459,
    "mae": 0.09334242868984195,
    "mape": 2.524171644774309e-06
}