{
    "rmse": 0.0012564672907310877,
    "mae": 0.030921904179801157,
    "mape": 8.005509919136527e-07
}