{
    "recursive": {
        "rmse": 4181845.0915429364,
        "mae": 1422.5675483819498,
        "mape": 0.037189426497260966,
        "dtw": 6746.01885220873
    }
}