{
    "rmse": 0.000831822155450045,
    "mae": 0.028841327213740442,
    "mape": 7.738499898508085e-07,
    "dtw": 0.028841327213740442
}