{
    "recursive": {
        "rmse": 6343641.383526237,
        "mae": 2064.416073596705,
        "mape": 0.054521834441593635,
        "dtw": 6183.469495121949
    }
}