{
    "recursive": {
        "rmse": 4008783.5198161732,
        "mae": 1384.4160217827891,
        "mape": 0.03638525730390042,
        "dtw": 6935.8058102713685
    }
}