{
    "rmse": 0.001103040750681564,
    "mae": 0.027395554915225755,
    "mape": 7.283777462847124e-07
}