{
    "recursive": {
        "rmse": 4129746.2398640565,
        "mae": 1375.3847362077256,
        "mape": 0.035981354842274736,
        "dtw": 7026.752805157235
    }
}