{
    "recursive": {
        "rmse": 4006652.111578424,
        "mae": 1412.201209485209,
        "mape": 0.037238257594765026,
        "dtw": 6891.00478180524
    }
}