{
    "rmse": 0.0035368183512213373,
    "mae": 0.04625450379717222,
    "mape": 1.1972431770783823e-06
}